dataset,model,precision_micro,recall_micro,f1_micro,f1_macro
5k dataset,Baseline Frequency Prior,0.11381114903299204,1,0.20436345808138584,0.2008901603742186
5k dataset,Logistic Regression,0.11627794444982097,0.9608156737305078,0.2074502525143523,0.20431493864275652
5k dataset,KNN,0.14978813559322035,0.282686925229908,0.19581775377371555,0.170511015793392
5k dataset,XGBoost,0.20664451827242525,0.4974010395841663,0.29198450886046234,0.27175534232599063
500 dataset,GLMNET,0,0,0,0
500 dataset,XGBoost,0.2653061224489796,0.06701030927835051,0.10699588477366256,0.06286980771151349
