model,precision_micro,recall_micro,f1_micro,precision_macro,recall_macro,f1_macro
Baseline Frequency Prior,0.08675990675990676,0.7417297728178557,0.15534872073124922,0.02863076923076922,0.3300000000000004,0.050861097775660884
