model,precision_micro,recall_micro,f1_micro,precision_macro,recall_macro,f1_macro
Baseline Frequency Prior,0.15708618215582004,0.7417297728178557,0.2592644190582335,0.05183844011142058,0.3300000000000004,0.08477065940984102
