model,precision_micro,recall_micro,f1_micro,precision_macro,recall_macro,f1_macro
XGBoost,0.19392434084829957,0.4045436428856118,0.26217228464419473,0.10796665871848557,0.2325504137920707,0.134632559852489
