model,precision_micro,recall_micro,f1_micro,precision_macro,recall_macro,f1_macro
XGBoost,0.13016157989228008,0.4045436428856118,0.1969535267294072,0.0789890766160215,0.2325504137920707,0.10859659905812767
