model,precision_micro,recall_micro,f1_micro,precision_macro,recall_macro,f1_macro
Logistic Regression,0.15868185375184768,0.7273814268632921,0.2605281941470378,0.05311612796266152,0.32092604930046614,0.0842726757057542
