model,precision_micro,recall_micro,f1_micro,precision_macro,recall_macro,f1_macro
Logistic Regression,0.08767715589718952,0.7273814268632921,0.1564911678957297,0.02978135373063695,0.32092604930046614,0.051053461508607303
