model,precision_micro,recall_micro,f1_micro,precision_macro,recall_macro,f1_macro
KNN,0.15782187355791416,0.27261857313670784,0.1999123191582639,0.08744058767635077,0.14667055914021868,0.10157140440146677
