model,precision_micro,recall_micro,f1_micro,precision_macro,recall_macro,f1_macro
KNN,0.09126084056037358,0.27261857313670784,0.1367453018792483,0.04994688842005476,0.14667055914021868,0.07004950531632773
