model,precision_micro,recall_micro,f1_micro,precision_macro,recall_macro,f1_macro
XGBoost,0.13016157989228008,0.4045436428856118,0.1969535267294072,0.0789890766160215,0.2325504137920707,0.10859659905812767
Logistic Regression,0.08767715589718952,0.7273814268632921,0.1564911678957297,0.02978135373063695,0.32092604930046614,0.051053461508607303
Baseline Frequency Prior,0.08675990675990676,0.7417297728178557,0.15534872073124922,0.02863076923076922,0.3300000000000004,0.050861097775660884
KNN,0.09126084056037358,0.27261857313670784,0.1367453018792483,0.04994688842005476,0.14667055914021868,0.07004950531632773
