model,precision_micro,recall_micro,f1_micro,precision_macro,recall_macro,f1_macro
XGBoost,0.19392434084829957,0.4045436428856118,0.26217228464419473,0.10796665871848557,0.2325504137920707,0.134632559852489
Logistic Regression,0.15868185375184768,0.7273814268632921,0.2605281941470378,0.05311612796266152,0.32092604930046614,0.0842726757057542
Baseline Frequency Prior,0.15708618215582004,0.7417297728178557,0.2592644190582335,0.05183844011142058,0.3300000000000004,0.08477065940984102
KNN,0.15782187355791416,0.27261857313670784,0.1999123191582639,0.08744058767635077,0.14667055914021868,0.10157140440146677
