model,evaluation,precision_micro,recall_micro,f1_micro,precision_macro,recall_macro,f1_macro
Baseline Frequency Prior,Internal 5k test,0.101251422070535,0.617016806722689,0.173956821749045,0.0334129692832764,0.33,0.0595565501019258
Logistic Regression,Internal 5k test,0.101758749333807,0.601680672268908,0.174076888010941,0.0354448240991677,0.321530760829996,0.060118564697915
KNN,Internal 5k test,0.11031369371455,0.200210084033613,0.142249421598627,0.0780097103998232,0.136956292541035,0.093718251047183
XGBoost,Internal 5k test,0.161382318402953,0.404201680672269,0.230667785637214,0.149906717340981,0.301727408595961,0.182625715598635
XGBoost,External validation,0.13016157989228008,0.4045436428856118,0.1969535267294072,0.0789890766160215,0.2325504137920707,0.10859659905812769
Logistic Regression,External validation,0.08767715589718952,0.7273814268632921,0.1564911678957297,0.02978135373063695,0.32092604930046614,0.0510534615086073
Baseline Frequency Prior,External validation,0.08675990675990676,0.7417297728178557,0.15534872073124922,0.02863076923076922,0.3300000000000004,0.05086109777566088
KNN,External validation,0.09126084056037358,0.27261857313670784,0.1367453018792483,0.04994688842005476,0.14667055914021868,0.07004950531632773
