model,f1_micro_Internal 5k test,f1_micro_External validation,precision_micro_Internal 5k test,precision_micro_External validation,recall_micro_Internal 5k test,recall_micro_External validation,f1_macro_Internal 5k test,f1_macro_External validation,f1_micro_change_external_minus_internal,precision_micro_change_external_minus_internal,recall_micro_change_external_minus_internal
XGBoost,0.230667785637214,0.1969535267294072,0.161382318402953,0.13016157989228008,0.404201680672269,0.4045436428856118,0.182625715598635,0.10859659905812769,-0.0337142589078068,-0.03122073851067292,3.4196221334276133e-4
Logistic Regression,0.174076888010941,0.1564911678957297,0.101758749333807,0.08767715589718952,0.601680672268908,0.7273814268632921,0.060118564697915,0.0510534615086073,-0.017585720115211312,-0.014081593436617482,0.12570075459438412
Baseline Frequency Prior,0.173956821749045,0.15534872073124922,0.101251422070535,0.08675990675990676,0.617016806722689,0.7417297728178557,0.0595565501019258,0.05086109777566088,-0.01860810101779578,-0.014491515310628242,0.12471296609516669
KNN,0.142249421598627,0.1367453018792483,0.11031369371455,0.09126084056037358,0.200210084033613,0.27261857313670784,0.093718251047183,0.07004950531632773,-0.005504119719378697,-0.01905285315417643,0.07240848910309483
